id,item_group_id,title,description,availability,condition,price,link,image_link,additional_image_link,brand,product_type,size
batik-kenaikan-1,batik-kenaikan,Batik Print “Kenaikan” — Kain print 150×200 cm,"Kristus naik ke surga dalam bahasa rupa Jawa: awan mega mendung menyangga tubuh-Nya, para rasul berkain dan berkerudung menengadah dari bawah, parang klasik mengunci kaki kain. Dicetak di Klaten dalam batch kecil, dari desain yang digambar khusus untuk Peziarah. Ambil sebagai kain utuh 150×200 cm, atau sebagai pashmina viscose yang jatuh lembut di bahu.",in stock,new,150000.00 IDR,https://peziarah.com/produk/batik-kenaikan/,https://peziarah.com/assets/meta/batik-kenaikan.jpg,"https://peziarah.com/assets/meta/batik-kenaikan-full.jpg,https://peziarah.com/assets/meta/batik-kenaikan-pashmina.jpg",Peziarah,Tenun & Batik,Kain print 150×200 cm
batik-kenaikan-2,batik-kenaikan,Batik Print “Kenaikan” — Pashmina viscose 70×180 cm,"Kristus naik ke surga dalam bahasa rupa Jawa: awan mega mendung menyangga tubuh-Nya, para rasul berkain dan berkerudung menengadah dari bawah, parang klasik mengunci kaki kain. Dicetak di Klaten dalam batch kecil, dari desain yang digambar khusus untuk Peziarah. Ambil sebagai kain utuh 150×200 cm, atau sebagai pashmina viscose yang jatuh lembut di bahu.",in stock,new,250000.00 IDR,https://peziarah.com/produk/batik-kenaikan/?opt=1,https://peziarah.com/assets/meta/batik-kenaikan.jpg,"https://peziarah.com/assets/meta/batik-kenaikan-full.jpg,https://peziarah.com/assets/meta/batik-kenaikan-pashmina.jpg",Peziarah,Tenun & Batik,Pashmina viscose 70×180 cm
batik-nativity-1,batik-nativity,Batik Print “Nativity” — Kain print 150×200 cm,"Malam Natal dengan kandang beratap joglo: bintang timur pecah jadi sinar di tengah kain, dua malaikat melayang di awan, tiga raja datang dari kiri membawa pundi-pundi, unta dan lembu menunggu di tepi. Nila tua dengan emas gading — warna yang sama tenangnya dipakai ke misa malam atau disampirkan di meja Natal.",in stock,new,150000.00 IDR,https://peziarah.com/produk/batik-nativity/,https://peziarah.com/assets/meta/batik-nativity.jpg,https://peziarah.com/assets/meta/batik-nativity-model.jpg,Peziarah,Tenun & Batik,Kain print 150×200 cm
batik-nativity-2,batik-nativity,Batik Print “Nativity” — Pashmina viscose 70×180 cm,"Malam Natal dengan kandang beratap joglo: bintang timur pecah jadi sinar di tengah kain, dua malaikat melayang di awan, tiga raja datang dari kiri membawa pundi-pundi, unta dan lembu menunggu di tepi. Nila tua dengan emas gading — warna yang sama tenangnya dipakai ke misa malam atau disampirkan di meja Natal.",in stock,new,250000.00 IDR,https://peziarah.com/produk/batik-nativity/?opt=1,https://peziarah.com/assets/meta/batik-nativity.jpg,https://peziarah.com/assets/meta/batik-nativity-model.jpg,Peziarah,Tenun & Batik,Pashmina viscose 70×180 cm
batik-calvary-1,batik-calvary,Batik Print “Calvary” — Kain print 150×200 cm,"Golgota di antara tembok Yerusalem: Kristus di salib dengan INRI di atas kepala, Bunda Maria dan Yohanes berdiri mengapit, merpati dan awan mengisi langit, sulur bunga menutup seluruh latar sampai ke pinggir kain. Cokelat soga tua — kain Jumat Agung, tapi cukup tenang untuk dipakai sepanjang tahun.",in stock,new,150000.00 IDR,https://peziarah.com/produk/batik-calvary/,https://peziarah.com/assets/meta/batik-calvary.jpg,"https://peziarah.com/assets/meta/batik-calvary-pashmina.jpg,https://peziarah.com/assets/meta/batik-calvary-model.jpg",Peziarah,Tenun & Batik,Kain print 150×200 cm
batik-calvary-2,batik-calvary,Batik Print “Calvary” — Pashmina viscose 70×180 cm,"Golgota di antara tembok Yerusalem: Kristus di salib dengan INRI di atas kepala, Bunda Maria dan Yohanes berdiri mengapit, merpati dan awan mengisi langit, sulur bunga menutup seluruh latar sampai ke pinggir kain. Cokelat soga tua — kain Jumat Agung, tapi cukup tenang untuk dipakai sepanjang tahun.",in stock,new,250000.00 IDR,https://peziarah.com/produk/batik-calvary/?opt=1,https://peziarah.com/assets/meta/batik-calvary.jpg,"https://peziarah.com/assets/meta/batik-calvary-pashmina.jpg,https://peziarah.com/assets/meta/batik-calvary-model.jpg",Peziarah,Tenun & Batik,Pashmina viscose 70×180 cm
batik-marian-1,batik-marian,Batik Print “Marian” — Kain print 150×200 cm,"Bunda Maria berdiri di atas bulan sabit, diapit dua malaikat pembawa lili, dengan gunung, danau, dan siluet menara gereja Jawa di kedua sisi. Nila tua dengan emas — panel memanjang yang jatuh persis di sepanjang pashmina, dan terbaca utuh ketika kainnya dibentangkan.",in stock,new,150000.00 IDR,https://peziarah.com/produk/batik-marian/,https://peziarah.com/assets/meta/batik-marian.jpg,https://peziarah.com/assets/meta/batik-marian-model.jpg,Peziarah,Tenun & Batik,Kain print 150×200 cm
batik-marian-2,batik-marian,Batik Print “Marian” — Pashmina viscose 70×180 cm,"Bunda Maria berdiri di atas bulan sabit, diapit dua malaikat pembawa lili, dengan gunung, danau, dan siluet menara gereja Jawa di kedua sisi. Nila tua dengan emas — panel memanjang yang jatuh persis di sepanjang pashmina, dan terbaca utuh ketika kainnya dibentangkan.",in stock,new,250000.00 IDR,https://peziarah.com/produk/batik-marian/?opt=1,https://peziarah.com/assets/meta/batik-marian.jpg,https://peziarah.com/assets/meta/batik-marian-model.jpg,Peziarah,Tenun & Batik,Pashmina viscose 70×180 cm
rosario-sonokeling,,Rosario Kayu Sonokeling,Rosario Kayu Sonokeling — Rosario dari Peziarah.,in stock,new,249000.00 IDR,https://peziarah.com/produk/rosario-sonokeling/,https://peziarah.com/assets/meta/hero-rosario.jpg,https://peziarah.com/assets/meta/hero-rosario-full.jpg,Peziarah,Rosario,
rosario-mutiara,,Rosario Mutiara Air Tawar,"Dibuat tangan oleh Suster Dien FCh di Biara Santa Monika, Palembang. Mutiara air tawar dari Lombok, bulat-tak-sempurna seperti asalnya, dirangkai satu per satu dengan kawat stainless yang dipuntir tangan — bukan diikat benang, jadi tidak berhamburan kalau tersangkut. Medali Maria dan krusifiks perak di ujungnya. Untuk dipakai seumur hidup, lalu diwariskan.",in stock,new,700000.00 IDR,https://peziarah.com/produk/rosario-mutiara/,https://peziarah.com/assets/meta/rosario-mutiara.jpg,,Peziarah,Rosario,
rosario-regina-lucis,,Rosario “Regina Lucis”,"Rosario untuk Ratu Cahaya. Mutiara air tawar berwarna persik dirangkai dengan penghubung zirkonia premium berbentuk hati, berpusat pada zirkonia berbentuk mawar. Kilau zirkonia dan lembutnya mutiara — dua cahaya yang berbeda, untuk satu Ratu yang sama.",in stock,new,1000000.00 IDR,https://peziarah.com/produk/rosario-regina-lucis/,https://peziarah.com/assets/meta/regina-lucis.jpg,https://peziarah.com/assets/meta/regina-lucis-poster.jpg,Peziarah,Rosario,
kartu-rosario,,Kartu Rosario Stainless,"Rosario yang muat di dompet. Selembar stainless steel seukuran kartu ATM dengan finishing hairline, dilubangi mengikuti urutan doa: salib, lima lubang pembuka, lalu sepuluh lubang untuk satu dekade Salam Maria. Ujung jari menelusuri lubang satu per satu — di kereta, di ruang tunggu, di jalan ziarah — tanpa manik yang berbunyi atau tali yang kusut. Bagian dari Peziarah Essential: barang bawaan harian seorang peziarah.",in stock,new,50000.00 IDR,https://peziarah.com/produk/kartu-rosario/,https://peziarah.com/assets/meta/kartu-rosario.jpg,"https://peziarah.com/assets/meta/kartu-rosario-edc.jpg,https://peziarah.com/assets/meta/kartu-rosario-essential.jpg",Peziarah,Rosario,Stainless steel hairline
card-holder-peziarah-1,card-holder-peziarah,Card Holder Kulit Peziarah — Jahit mesin,"Dompet kartu paling tipis yang masih pantas disebut kulit. Dua slot depan dan satu kantong utama — cukup untuk KTP, satu kartu bank, dan Kartu Rosario Stainless di slot paling atas, siap diraba kapan saja. Kulit sapi full-grain cokelat tua, logo PEZIARAH di-emboss tanpa tinta, tepi dijahit benang lilin jingga. Pilih jahit mesin yang rapi dan rata, atau jahit tangan pelana: dua jarum, satu benang, tidak lepas meski satu jahitan putus.",in stock,new,350000.00 IDR,https://peziarah.com/produk/card-holder-peziarah/,https://peziarah.com/assets/meta/card-holder-peziarah.jpg,"https://peziarah.com/assets/meta/card-holder-peziarah-studio.jpg,https://peziarah.com/assets/meta/card-holder-peziarah-rosario.jpg,https://peziarah.com/assets/meta/card-holder-peziarah-flatlay.jpg",Peziarah,Carry Goods,Jahit mesin
card-holder-peziarah-2,card-holder-peziarah,Card Holder Kulit Peziarah — Jahit tangan,"Dompet kartu paling tipis yang masih pantas disebut kulit. Dua slot depan dan satu kantong utama — cukup untuk KTP, satu kartu bank, dan Kartu Rosario Stainless di slot paling atas, siap diraba kapan saja. Kulit sapi full-grain cokelat tua, logo PEZIARAH di-emboss tanpa tinta, tepi dijahit benang lilin jingga. Pilih jahit mesin yang rapi dan rata, atau jahit tangan pelana: dua jarum, satu benang, tidak lepas meski satu jahitan putus.",in stock,new,500000.00 IDR,https://peziarah.com/produk/card-holder-peziarah/?opt=1,https://peziarah.com/assets/meta/card-holder-peziarah.jpg,"https://peziarah.com/assets/meta/card-holder-peziarah-studio.jpg,https://peziarah.com/assets/meta/card-holder-peziarah-rosario.jpg,https://peziarah.com/assets/meta/card-holder-peziarah-flatlay.jpg",Peziarah,Carry Goods,Jahit tangan
salib-sonokeling-kuningan,,Salib Dinding Sonokeling — Korpus Kuningan,Salib Dinding Sonokeling — Korpus Kuningan — Salib & Krusifiks dari Peziarah.,in stock,new,685000.00 IDR,https://peziarah.com/produk/salib-sonokeling-kuningan/,https://peziarah.com/assets/meta/salib-sonokeling-kuningan.jpg,https://peziarah.com/assets/meta/salib-sonokeling-kuningan-full.jpg,Peziarah,Salib & Krusifiks,
krusifiks-dayak-1,krusifiks-dayak,Krusifiks Ukir Dayak — Sulur Enggang — M — 45 cm,"Satu papan meranti dipahat tembus jadi sulur yang saling mengunci — ragam hias Dayak yang biasanya menutup dinding rumah panjang dan sarung mandau, di sini mengelilingi korpus. Ujung-ujungnya melengkung seperti kepala enggang, burung yang di Kalimantan dipakai untuk menyebut yang di atas. Warnanya dikuas tangan lapis demi lapis: merah, kuning, putih, hitam — empat warna yang sama yang dipakai pada perisai dan tato adat, bukan palet yang kami pilih sendiri. Korpusnya dipahat terpisah dan disatukan tanpa sekrup dari depan. Pengerjaan satu keping enam sampai delapan minggu, dan tidak ada dua yang sama persis.",in stock,new,2450000.00 IDR,https://peziarah.com/produk/krusifiks-dayak/,https://peziarah.com/assets/meta/krusifiks-dayak.jpg,https://peziarah.com/assets/meta/krusifiks-dayak-detail.jpg,Peziarah,Salib & Krusifiks,M — 45 cm
krusifiks-dayak-2,krusifiks-dayak,Krusifiks Ukir Dayak — Sulur Enggang — L — 60 cm,"Satu papan meranti dipahat tembus jadi sulur yang saling mengunci — ragam hias Dayak yang biasanya menutup dinding rumah panjang dan sarung mandau, di sini mengelilingi korpus. Ujung-ujungnya melengkung seperti kepala enggang, burung yang di Kalimantan dipakai untuk menyebut yang di atas. Warnanya dikuas tangan lapis demi lapis: merah, kuning, putih, hitam — empat warna yang sama yang dipakai pada perisai dan tato adat, bukan palet yang kami pilih sendiri. Korpusnya dipahat terpisah dan disatukan tanpa sekrup dari depan. Pengerjaan satu keping enam sampai delapan minggu, dan tidak ada dua yang sama persis.",in stock,new,3400000.00 IDR,https://peziarah.com/produk/krusifiks-dayak/?opt=1,https://peziarah.com/assets/meta/krusifiks-dayak.jpg,https://peziarah.com/assets/meta/krusifiks-dayak-detail.jpg,Peziarah,Salib & Krusifiks,L — 60 cm
krusifiks-dayak-3,krusifiks-dayak,Krusifiks Ukir Dayak — Sulur Enggang — XL — 80 cm,"Satu papan meranti dipahat tembus jadi sulur yang saling mengunci — ragam hias Dayak yang biasanya menutup dinding rumah panjang dan sarung mandau, di sini mengelilingi korpus. Ujung-ujungnya melengkung seperti kepala enggang, burung yang di Kalimantan dipakai untuk menyebut yang di atas. Warnanya dikuas tangan lapis demi lapis: merah, kuning, putih, hitam — empat warna yang sama yang dipakai pada perisai dan tato adat, bukan palet yang kami pilih sendiri. Korpusnya dipahat terpisah dan disatukan tanpa sekrup dari depan. Pengerjaan satu keping enam sampai delapan minggu, dan tidak ada dua yang sama persis.",in stock,new,4550000.00 IDR,https://peziarah.com/produk/krusifiks-dayak/?opt=2,https://peziarah.com/assets/meta/krusifiks-dayak.jpg,https://peziarah.com/assets/meta/krusifiks-dayak-detail.jpg,Peziarah,Salib & Krusifiks,XL — 80 cm
san-damiano-mini-1,san-damiano-mini,Salib San Damiano — Wayang — S — 30 cm,"San Damiano yang ditulis ulang dalam bahasa rupa Jawa: korpus digambar seperti tokoh wayang, para saksi memakai kain batik, dan tulisannya beraksara Jawa. Dilukis tangan di atas panel kayu mahoni dengan cat tempera dan prada emas, lalu difinishing sirlak — persis cara ikon lama dibuat, hanya tokohnya orang sini.",in stock,new,1290000.00 IDR,https://peziarah.com/produk/san-damiano-mini/,https://peziarah.com/assets/meta/salib-san-damiano.jpg,,Peziarah,Salib & Krusifiks,S — 30 cm
san-damiano-mini-2,san-damiano-mini,Salib San Damiano — Wayang — M — 45 cm,"San Damiano yang ditulis ulang dalam bahasa rupa Jawa: korpus digambar seperti tokoh wayang, para saksi memakai kain batik, dan tulisannya beraksara Jawa. Dilukis tangan di atas panel kayu mahoni dengan cat tempera dan prada emas, lalu difinishing sirlak — persis cara ikon lama dibuat, hanya tokohnya orang sini.",in stock,new,1670000.00 IDR,https://peziarah.com/produk/san-damiano-mini/?opt=1,https://peziarah.com/assets/meta/salib-san-damiano.jpg,,Peziarah,Salib & Krusifiks,M — 45 cm
san-damiano-mini-3,san-damiano-mini,Salib San Damiano — Wayang — L — 60 cm,"San Damiano yang ditulis ulang dalam bahasa rupa Jawa: korpus digambar seperti tokoh wayang, para saksi memakai kain batik, dan tulisannya beraksara Jawa. Dilukis tangan di atas panel kayu mahoni dengan cat tempera dan prada emas, lalu difinishing sirlak — persis cara ikon lama dibuat, hanya tokohnya orang sini.",in stock,new,2110000.00 IDR,https://peziarah.com/produk/san-damiano-mini/?opt=2,https://peziarah.com/assets/meta/salib-san-damiano.jpg,,Peziarah,Salib & Krusifiks,L — 60 cm
ichthys-kalung-perak-1,ichthys-kalung-perak,Kalung Ichthys Perak 925 — 40 cm,"Ichthys — tanda ikan yang dulu digores diam-diam di dinding katakombe. Liontinnya dibentuk dari satu batang perak 925 yang ditekuk dan dipoles cermin, digantung pada rantai kabel halus. Kecil, tidak menjelaskan diri, dan hanya dikenali oleh yang tahu.",in stock,new,459000.00 IDR,https://peziarah.com/produk/ichthys-kalung-perak/,https://peziarah.com/assets/meta/ichthys-kalung.jpg,,Peziarah,Perhiasan & Aksesori,40 cm
ichthys-kalung-perak-2,ichthys-kalung-perak,Kalung Ichthys Perak 925 — 45 cm,"Ichthys — tanda ikan yang dulu digores diam-diam di dinding katakombe. Liontinnya dibentuk dari satu batang perak 925 yang ditekuk dan dipoles cermin, digantung pada rantai kabel halus. Kecil, tidak menjelaskan diri, dan hanya dikenali oleh yang tahu.",in stock,new,459000.00 IDR,https://peziarah.com/produk/ichthys-kalung-perak/?opt=1,https://peziarah.com/assets/meta/ichthys-kalung.jpg,,Peziarah,Perhiasan & Aksesori,45 cm
ichthys-kalung-perak-3,ichthys-kalung-perak,Kalung Ichthys Perak 925 — 50 cm,"Ichthys — tanda ikan yang dulu digores diam-diam di dinding katakombe. Liontinnya dibentuk dari satu batang perak 925 yang ditekuk dan dipoles cermin, digantung pada rantai kabel halus. Kecil, tidak menjelaskan diri, dan hanya dikenali oleh yang tahu.",in stock,new,484000.00 IDR,https://peziarah.com/produk/ichthys-kalung-perak/?opt=2,https://peziarah.com/assets/meta/ichthys-kalung.jpg,,Peziarah,Perhiasan & Aksesori,50 cm
ichthys-anting-perak-1,ichthys-anting-perak,Anting Ichthys Perak 925 — French hook,"Sepasang ichthys menggantung ringan dari kait perak — cukup panjang untuk bergerak saat kepala menunduk. Dibuat dari batang perak 925 yang sama dengan kalungnya, jadi keduanya bisa dipakai sebagai satu set.",in stock,new,385000.00 IDR,https://peziarah.com/produk/ichthys-anting-perak/,https://peziarah.com/assets/meta/ichthys-anting.jpg,,Peziarah,Perhiasan & Aksesori,French hook
ichthys-anting-perak-2,ichthys-anting-perak,Anting Ichthys Perak 925 — Huggie klik,"Sepasang ichthys menggantung ringan dari kait perak — cukup panjang untuk bergerak saat kepala menunduk. Dibuat dari batang perak 925 yang sama dengan kalungnya, jadi keduanya bisa dipakai sebagai satu set.",in stock,new,425000.00 IDR,https://peziarah.com/produk/ichthys-anting-perak/?opt=1,https://peziarah.com/assets/meta/ichthys-anting.jpg,,Peziarah,Perhiasan & Aksesori,Huggie klik
syal-tenun-sumba,,Syal Tenun Sumba Liturgi,"Tenun ikat Sumba Timur dengan monogram IHS di tengah, diapit ayam dan bintang timur — motif adat yang dipakai penenun Kristen setempat untuk kisah imannya sendiri. Kapasnya dipintal tangan, dicelup indigo dan akar mengkudu, lalu ditenun di gedogan. Dipakai sebagai syal liturgi atau kain penutup meja doa.",in stock,new,675000.00 IDR,https://peziarah.com/produk/syal-tenun-sumba/,https://peziarah.com/assets/meta/syal-tenun-sumba.jpg,,Peziarah,Tenun & Batik,
outer-tenun-ende,,Selendang Tenun Ende,"Selendang tenun ikat dari Ende, Flores: benang lungsinya diikat dan dicelup dulu sebelum ditenun, jadi salib, merpati, dan kuda-kudanya tumbuh dari benang — bukan dicap di permukaan. Warnanya dari indigo dan akar mengkudu, dengan pita merah bata di kedua sisi. Cukup lebar untuk dikalungkan di leher atau disampirkan di meja doa.",in stock,new,1150000.00 IDR,https://peziarah.com/produk/outer-tenun-ende/,https://peziarah.com/assets/meta/selendang-tenun-ende.jpg,,Peziarah,Tenun & Batik,
ikon-bunda-maria-1,ikon-bunda-maria,"Ikon Bunda Maria — Cetak Kayu / Lino — A4 — 21×29,7 cm","Bunda Maria dan Kanak-kanak Yesus dipahat sebagai tokoh wayang: mahkota sungging, kain batik, tangan berdempak seperti figur kulit. Bloknya dipahat tangan, lalu dicetak satu per satu dengan tinta hitam di atas kertas daluang buatan tangan — jadi tidak ada dua cetakan yang identik. Blok aslinya disimpan, tidak dijual.",in stock,new,465000.00 IDR,https://peziarah.com/produk/ikon-bunda-maria/,https://peziarah.com/assets/meta/ikon-maria-lino.jpg,"https://peziarah.com/assets/meta/ikon-maria-lino-kertas.jpg,https://peziarah.com/assets/meta/ikon-maria-lino-blok.jpg",Peziarah,Wall Art,"A4 — 21×29,7 cm"
ikon-bunda-maria-2,ikon-bunda-maria,"Ikon Bunda Maria — Cetak Kayu / Lino — A3 — 29,7×42 cm","Bunda Maria dan Kanak-kanak Yesus dipahat sebagai tokoh wayang: mahkota sungging, kain batik, tangan berdempak seperti figur kulit. Bloknya dipahat tangan, lalu dicetak satu per satu dengan tinta hitam di atas kertas daluang buatan tangan — jadi tidak ada dua cetakan yang identik. Blok aslinya disimpan, tidak dijual.",in stock,new,610000.00 IDR,https://peziarah.com/produk/ikon-bunda-maria/?opt=1,https://peziarah.com/assets/meta/ikon-maria-lino.jpg,"https://peziarah.com/assets/meta/ikon-maria-lino-kertas.jpg,https://peziarah.com/assets/meta/ikon-maria-lino-blok.jpg",Peziarah,Wall Art,"A3 — 29,7×42 cm"
ikon-bunda-maria-3,ikon-bunda-maria,Ikon Bunda Maria — Cetak Kayu / Lino — 40×50 cm,"Bunda Maria dan Kanak-kanak Yesus dipahat sebagai tokoh wayang: mahkota sungging, kain batik, tangan berdempak seperti figur kulit. Bloknya dipahat tangan, lalu dicetak satu per satu dengan tinta hitam di atas kertas daluang buatan tangan — jadi tidak ada dua cetakan yang identik. Blok aslinya disimpan, tidak dijual.",in stock,new,785000.00 IDR,https://peziarah.com/produk/ikon-bunda-maria/?opt=2,https://peziarah.com/assets/meta/ikon-maria-lino.jpg,"https://peziarah.com/assets/meta/ikon-maria-lino-kertas.jpg,https://peziarah.com/assets/meta/ikon-maria-lino-blok.jpg",Peziarah,Wall Art,40×50 cm
wallart-maria-line,,Wall Art Bunda Maria — Line Art,Wall Art Bunda Maria — Line Art — Wall Art dari Peziarah.,in stock,new,395000.00 IDR,https://peziarah.com/produk/wallart-maria-line/,https://peziarah.com/assets/meta/wallart-maria-line.jpg,https://peziarah.com/assets/meta/wallart-maria-line-full.jpg,Peziarah,Wall Art,
poster-john146-1,poster-john146,"Poster Risograph “John 14:6” — A3 — 29,7×42 cm",Poster Risograph “John 14:6” — Wall Art dari Peziarah.,in stock,new,285000.00 IDR,https://peziarah.com/produk/poster-john146/,https://peziarah.com/assets/meta/poster-john146.jpg,https://peziarah.com/assets/meta/poster-john146-room.jpg,Peziarah,Wall Art,"A3 — 29,7×42 cm"
poster-john146-2,poster-john146,"Poster Risograph “John 14:6” — A2 — 42×59,4 cm",Poster Risograph “John 14:6” — Wall Art dari Peziarah.,in stock,new,405000.00 IDR,https://peziarah.com/produk/poster-john146/?opt=1,https://peziarah.com/assets/meta/poster-john146.jpg,https://peziarah.com/assets/meta/poster-john146-room.jpg,Peziarah,Wall Art,"A2 — 42×59,4 cm"
poster-john146-3,poster-john146,Poster Risograph “John 14:6” — 50×70 cm,Poster Risograph “John 14:6” — Wall Art dari Peziarah.,in stock,new,525000.00 IDR,https://peziarah.com/produk/poster-john146/?opt=2,https://peziarah.com/assets/meta/poster-john146.jpg,https://peziarah.com/assets/meta/poster-john146-room.jpg,Peziarah,Wall Art,50×70 cm
wallart-crown-of-thorn,,Wall Art “Crown of Thorn” — Kawat Berduri,"Mahkota duri dibentuk tangan dari kawat berduri yang sengaja dibiarkan berkarat, lalu dipasang mengapung di dalam kotak bayangan berpelat kuningan. Satu keping butuh dua hari kerja: memotong, memutar, menua, menyegel. Setiap mahkota berbeda bentuk — tidak bisa diulang.",in stock,new,1850000.00 IDR,https://peziarah.com/produk/wallart-crown-of-thorn/,https://peziarah.com/assets/meta/wallart-crown-of-thorn.jpg,https://peziarah.com/assets/meta/wallart-crown-of-thorn-full.jpg,Peziarah,Wall Art,
peta-sendangsono-1,peta-sendangsono,Peta Ziarah “Sendangsono” — A3 · Tanpa bingkai,"Peta topografi minimalis Sendangsono, Kulon Progo, DIY — kontur bukit, aliran sungai, dan jalan menuju tempat doa, ditandai satu pin merah. Kenang-kenangan selepas ziarah, atau kado bagi yang pernah berjalan ke sana. Cetak portrait A3 atau A2, dengan atau tanpa bingkai kayu.",in stock,new,195000.00 IDR,https://peziarah.com/produk/peta-sendangsono/,https://peziarah.com/assets/meta/peta-sendangsono.jpg,"https://peziarah.com/assets/meta/peta-sendangsono-frame.jpg,https://peziarah.com/assets/meta/peta-ziarah-ukuran.jpg,https://peziarah.com/assets/meta/peta-ziarah-room.jpg",Peziarah,Wall Art,A3 · Tanpa bingkai
peta-sendangsono-2,peta-sendangsono,Peta Ziarah “Sendangsono” — A3 · Bingkai kayu hitam,"Peta topografi minimalis Sendangsono, Kulon Progo, DIY — kontur bukit, aliran sungai, dan jalan menuju tempat doa, ditandai satu pin merah. Kenang-kenangan selepas ziarah, atau kado bagi yang pernah berjalan ke sana. Cetak portrait A3 atau A2, dengan atau tanpa bingkai kayu.",in stock,new,370000.00 IDR,https://peziarah.com/produk/peta-sendangsono/?opt=1,https://peziarah.com/assets/meta/peta-sendangsono.jpg,"https://peziarah.com/assets/meta/peta-sendangsono-frame.jpg,https://peziarah.com/assets/meta/peta-ziarah-ukuran.jpg,https://peziarah.com/assets/meta/peta-ziarah-room.jpg",Peziarah,Wall Art,A3 · Bingkai kayu hitam
peta-sendangsono-3,peta-sendangsono,Peta Ziarah “Sendangsono” — A3 · Bingkai kayu white wash,"Peta topografi minimalis Sendangsono, Kulon Progo, DIY — kontur bukit, aliran sungai, dan jalan menuju tempat doa, ditandai satu pin merah. Kenang-kenangan selepas ziarah, atau kado bagi yang pernah berjalan ke sana. Cetak portrait A3 atau A2, dengan atau tanpa bingkai kayu.",in stock,new,370000.00 IDR,https://peziarah.com/produk/peta-sendangsono/?opt=2,https://peziarah.com/assets/meta/peta-sendangsono.jpg,"https://peziarah.com/assets/meta/peta-sendangsono-frame.jpg,https://peziarah.com/assets/meta/peta-ziarah-ukuran.jpg,https://peziarah.com/assets/meta/peta-ziarah-room.jpg",Peziarah,Wall Art,A3 · Bingkai kayu white wash
peta-sendangsono-4,peta-sendangsono,Peta Ziarah “Sendangsono” — A2 · Tanpa bingkai,"Peta topografi minimalis Sendangsono, Kulon Progo, DIY — kontur bukit, aliran sungai, dan jalan menuju tempat doa, ditandai satu pin merah. Kenang-kenangan selepas ziarah, atau kado bagi yang pernah berjalan ke sana. Cetak portrait A3 atau A2, dengan atau tanpa bingkai kayu.",in stock,new,295000.00 IDR,https://peziarah.com/produk/peta-sendangsono/?opt=3,https://peziarah.com/assets/meta/peta-sendangsono.jpg,"https://peziarah.com/assets/meta/peta-sendangsono-frame.jpg,https://peziarah.com/assets/meta/peta-ziarah-ukuran.jpg,https://peziarah.com/assets/meta/peta-ziarah-room.jpg",Peziarah,Wall Art,A2 · Tanpa bingkai
peta-sendangsono-5,peta-sendangsono,Peta Ziarah “Sendangsono” — A2 · Bingkai kayu hitam,"Peta topografi minimalis Sendangsono, Kulon Progo, DIY — kontur bukit, aliran sungai, dan jalan menuju tempat doa, ditandai satu pin merah. Kenang-kenangan selepas ziarah, atau kado bagi yang pernah berjalan ke sana. Cetak portrait A3 atau A2, dengan atau tanpa bingkai kayu.",in stock,new,570000.00 IDR,https://peziarah.com/produk/peta-sendangsono/?opt=4,https://peziarah.com/assets/meta/peta-sendangsono.jpg,"https://peziarah.com/assets/meta/peta-sendangsono-frame.jpg,https://peziarah.com/assets/meta/peta-ziarah-ukuran.jpg,https://peziarah.com/assets/meta/peta-ziarah-room.jpg",Peziarah,Wall Art,A2 · Bingkai kayu hitam
peta-sendangsono-6,peta-sendangsono,Peta Ziarah “Sendangsono” — A2 · Bingkai kayu white wash,"Peta topografi minimalis Sendangsono, Kulon Progo, DIY — kontur bukit, aliran sungai, dan jalan menuju tempat doa, ditandai satu pin merah. Kenang-kenangan selepas ziarah, atau kado bagi yang pernah berjalan ke sana. Cetak portrait A3 atau A2, dengan atau tanpa bingkai kayu.",in stock,new,570000.00 IDR,https://peziarah.com/produk/peta-sendangsono/?opt=5,https://peziarah.com/assets/meta/peta-sendangsono.jpg,"https://peziarah.com/assets/meta/peta-sendangsono-frame.jpg,https://peziarah.com/assets/meta/peta-ziarah-ukuran.jpg,https://peziarah.com/assets/meta/peta-ziarah-room.jpg",Peziarah,Wall Art,A2 · Bingkai kayu white wash
peta-ganjuran-1,peta-ganjuran,Peta Ziarah “Ganjuran” — A3 · Tanpa bingkai,"Peta topografi minimalis Ganjuran, Bantul, DIY — kontur bukit, aliran sungai, dan jalan menuju tempat doa, ditandai satu pin merah. Kenang-kenangan selepas ziarah, atau kado bagi yang pernah berjalan ke sana. Cetak portrait A3 atau A2, dengan atau tanpa bingkai kayu.",in stock,new,195000.00 IDR,https://peziarah.com/produk/peta-ganjuran/,https://peziarah.com/assets/meta/peta-ganjuran.jpg,"https://peziarah.com/assets/meta/peta-ganjuran-frame.jpg,https://peziarah.com/assets/meta/peta-ziarah-ukuran.jpg,https://peziarah.com/assets/meta/peta-ziarah-room.jpg",Peziarah,Wall Art,A3 · Tanpa bingkai
peta-ganjuran-2,peta-ganjuran,Peta Ziarah “Ganjuran” — A3 · Bingkai kayu hitam,"Peta topografi minimalis Ganjuran, Bantul, DIY — kontur bukit, aliran sungai, dan jalan menuju tempat doa, ditandai satu pin merah. Kenang-kenangan selepas ziarah, atau kado bagi yang pernah berjalan ke sana. Cetak portrait A3 atau A2, dengan atau tanpa bingkai kayu.",in stock,new,370000.00 IDR,https://peziarah.com/produk/peta-ganjuran/?opt=1,https://peziarah.com/assets/meta/peta-ganjuran.jpg,"https://peziarah.com/assets/meta/peta-ganjuran-frame.jpg,https://peziarah.com/assets/meta/peta-ziarah-ukuran.jpg,https://peziarah.com/assets/meta/peta-ziarah-room.jpg",Peziarah,Wall Art,A3 · Bingkai kayu hitam
peta-ganjuran-3,peta-ganjuran,Peta Ziarah “Ganjuran” — A3 · Bingkai kayu white wash,"Peta topografi minimalis Ganjuran, Bantul, DIY — kontur bukit, aliran sungai, dan jalan menuju tempat doa, ditandai satu pin merah. Kenang-kenangan selepas ziarah, atau kado bagi yang pernah berjalan ke sana. Cetak portrait A3 atau A2, dengan atau tanpa bingkai kayu.",in stock,new,370000.00 IDR,https://peziarah.com/produk/peta-ganjuran/?opt=2,https://peziarah.com/assets/meta/peta-ganjuran.jpg,"https://peziarah.com/assets/meta/peta-ganjuran-frame.jpg,https://peziarah.com/assets/meta/peta-ziarah-ukuran.jpg,https://peziarah.com/assets/meta/peta-ziarah-room.jpg",Peziarah,Wall Art,A3 · Bingkai kayu white wash
peta-ganjuran-4,peta-ganjuran,Peta Ziarah “Ganjuran” — A2 · Tanpa bingkai,"Peta topografi minimalis Ganjuran, Bantul, DIY — kontur bukit, aliran sungai, dan jalan menuju tempat doa, ditandai satu pin merah. Kenang-kenangan selepas ziarah, atau kado bagi yang pernah berjalan ke sana. Cetak portrait A3 atau A2, dengan atau tanpa bingkai kayu.",in stock,new,295000.00 IDR,https://peziarah.com/produk/peta-ganjuran/?opt=3,https://peziarah.com/assets/meta/peta-ganjuran.jpg,"https://peziarah.com/assets/meta/peta-ganjuran-frame.jpg,https://peziarah.com/assets/meta/peta-ziarah-ukuran.jpg,https://peziarah.com/assets/meta/peta-ziarah-room.jpg",Peziarah,Wall Art,A2 · Tanpa bingkai
peta-ganjuran-5,peta-ganjuran,Peta Ziarah “Ganjuran” — A2 · Bingkai kayu hitam,"Peta topografi minimalis Ganjuran, Bantul, DIY — kontur bukit, aliran sungai, dan jalan menuju tempat doa, ditandai satu pin merah. Kenang-kenangan selepas ziarah, atau kado bagi yang pernah berjalan ke sana. Cetak portrait A3 atau A2, dengan atau tanpa bingkai kayu.",in stock,new,570000.00 IDR,https://peziarah.com/produk/peta-ganjuran/?opt=4,https://peziarah.com/assets/meta/peta-ganjuran.jpg,"https://peziarah.com/assets/meta/peta-ganjuran-frame.jpg,https://peziarah.com/assets/meta/peta-ziarah-ukuran.jpg,https://peziarah.com/assets/meta/peta-ziarah-room.jpg",Peziarah,Wall Art,A2 · Bingkai kayu hitam
peta-ganjuran-6,peta-ganjuran,Peta Ziarah “Ganjuran” — A2 · Bingkai kayu white wash,"Peta topografi minimalis Ganjuran, Bantul, DIY — kontur bukit, aliran sungai, dan jalan menuju tempat doa, ditandai satu pin merah. Kenang-kenangan selepas ziarah, atau kado bagi yang pernah berjalan ke sana. Cetak portrait A3 atau A2, dengan atau tanpa bingkai kayu.",in stock,new,570000.00 IDR,https://peziarah.com/produk/peta-ganjuran/?opt=5,https://peziarah.com/assets/meta/peta-ganjuran.jpg,"https://peziarah.com/assets/meta/peta-ganjuran-frame.jpg,https://peziarah.com/assets/meta/peta-ziarah-ukuran.jpg,https://peziarah.com/assets/meta/peta-ziarah-room.jpg",Peziarah,Wall Art,A2 · Bingkai kayu white wash
peta-kerep-1,peta-kerep,Peta Ziarah “Gua Maria Kerep” — A3 · Tanpa bingkai,"Peta topografi minimalis Gua Maria Kerep, Ambarawa, Jawa Tengah — kontur bukit, aliran sungai, dan jalan menuju tempat doa, ditandai satu pin merah. Kenang-kenangan selepas ziarah, atau kado bagi yang pernah berjalan ke sana. Cetak portrait A3 atau A2, dengan atau tanpa bingkai kayu.",in stock,new,195000.00 IDR,https://peziarah.com/produk/peta-kerep/,https://peziarah.com/assets/meta/peta-kerep.jpg,"https://peziarah.com/assets/meta/peta-kerep-frame.jpg,https://peziarah.com/assets/meta/peta-ziarah-ukuran.jpg,https://peziarah.com/assets/meta/peta-ziarah-room.jpg",Peziarah,Wall Art,A3 · Tanpa bingkai
peta-kerep-2,peta-kerep,Peta Ziarah “Gua Maria Kerep” — A3 · Bingkai kayu hitam,"Peta topografi minimalis Gua Maria Kerep, Ambarawa, Jawa Tengah — kontur bukit, aliran sungai, dan jalan menuju tempat doa, ditandai satu pin merah. Kenang-kenangan selepas ziarah, atau kado bagi yang pernah berjalan ke sana. Cetak portrait A3 atau A2, dengan atau tanpa bingkai kayu.",in stock,new,370000.00 IDR,https://peziarah.com/produk/peta-kerep/?opt=1,https://peziarah.com/assets/meta/peta-kerep.jpg,"https://peziarah.com/assets/meta/peta-kerep-frame.jpg,https://peziarah.com/assets/meta/peta-ziarah-ukuran.jpg,https://peziarah.com/assets/meta/peta-ziarah-room.jpg",Peziarah,Wall Art,A3 · Bingkai kayu hitam
peta-kerep-3,peta-kerep,Peta Ziarah “Gua Maria Kerep” — A3 · Bingkai kayu white wash,"Peta topografi minimalis Gua Maria Kerep, Ambarawa, Jawa Tengah — kontur bukit, aliran sungai, dan jalan menuju tempat doa, ditandai satu pin merah. Kenang-kenangan selepas ziarah, atau kado bagi yang pernah berjalan ke sana. Cetak portrait A3 atau A2, dengan atau tanpa bingkai kayu.",in stock,new,370000.00 IDR,https://peziarah.com/produk/peta-kerep/?opt=2,https://peziarah.com/assets/meta/peta-kerep.jpg,"https://peziarah.com/assets/meta/peta-kerep-frame.jpg,https://peziarah.com/assets/meta/peta-ziarah-ukuran.jpg,https://peziarah.com/assets/meta/peta-ziarah-room.jpg",Peziarah,Wall Art,A3 · Bingkai kayu white wash
peta-kerep-4,peta-kerep,Peta Ziarah “Gua Maria Kerep” — A2 · Tanpa bingkai,"Peta topografi minimalis Gua Maria Kerep, Ambarawa, Jawa Tengah — kontur bukit, aliran sungai, dan jalan menuju tempat doa, ditandai satu pin merah. Kenang-kenangan selepas ziarah, atau kado bagi yang pernah berjalan ke sana. Cetak portrait A3 atau A2, dengan atau tanpa bingkai kayu.",in stock,new,295000.00 IDR,https://peziarah.com/produk/peta-kerep/?opt=3,https://peziarah.com/assets/meta/peta-kerep.jpg,"https://peziarah.com/assets/meta/peta-kerep-frame.jpg,https://peziarah.com/assets/meta/peta-ziarah-ukuran.jpg,https://peziarah.com/assets/meta/peta-ziarah-room.jpg",Peziarah,Wall Art,A2 · Tanpa bingkai
peta-kerep-5,peta-kerep,Peta Ziarah “Gua Maria Kerep” — A2 · Bingkai kayu hitam,"Peta topografi minimalis Gua Maria Kerep, Ambarawa, Jawa Tengah — kontur bukit, aliran sungai, dan jalan menuju tempat doa, ditandai satu pin merah. Kenang-kenangan selepas ziarah, atau kado bagi yang pernah berjalan ke sana. Cetak portrait A3 atau A2, dengan atau tanpa bingkai kayu.",in stock,new,570000.00 IDR,https://peziarah.com/produk/peta-kerep/?opt=4,https://peziarah.com/assets/meta/peta-kerep.jpg,"https://peziarah.com/assets/meta/peta-kerep-frame.jpg,https://peziarah.com/assets/meta/peta-ziarah-ukuran.jpg,https://peziarah.com/assets/meta/peta-ziarah-room.jpg",Peziarah,Wall Art,A2 · Bingkai kayu hitam
peta-kerep-6,peta-kerep,Peta Ziarah “Gua Maria Kerep” — A2 · Bingkai kayu white wash,"Peta topografi minimalis Gua Maria Kerep, Ambarawa, Jawa Tengah — kontur bukit, aliran sungai, dan jalan menuju tempat doa, ditandai satu pin merah. Kenang-kenangan selepas ziarah, atau kado bagi yang pernah berjalan ke sana. Cetak portrait A3 atau A2, dengan atau tanpa bingkai kayu.",in stock,new,570000.00 IDR,https://peziarah.com/produk/peta-kerep/?opt=5,https://peziarah.com/assets/meta/peta-kerep.jpg,"https://peziarah.com/assets/meta/peta-kerep-frame.jpg,https://peziarah.com/assets/meta/peta-ziarah-ukuran.jpg,https://peziarah.com/assets/meta/peta-ziarah-room.jpg",Peziarah,Wall Art,A2 · Bingkai kayu white wash
lukisan-mazmur-23,,Lukisan “Mazmur 23”,"Gembala yang baik menuruni lembah dengan seekor domba di pundak-Nya — Mazmur 23 dalam bahasa tekstur. Castella Natalia membangun permukaannya lapis demi lapis dengan pasta tekstur dan media campuran, lalu melukis di atasnya: tebing biru-hijau yang gelap dan retak di kedua sisi, dan cahaya yang terbuka di ujung jalan setapak. Karya asli, hanya satu keping, disertai Certificate of Authenticity yang ditandatangani senimannya. Dijual tanpa bingkai — bingkai pada foto hanya ilustrasi.",in stock,new,8000000.00 IDR,https://peziarah.com/produk/lukisan-mazmur-23/,https://peziarah.com/assets/meta/lukisan-mazmur-23.jpg,"https://peziarah.com/assets/meta/lukisan-mazmur-23-ruang.jpg,https://peziarah.com/assets/meta/lukisan-mazmur-23-detail.jpg",Peziarah,Wall Art,Karya asli — 60×60 cm
guadalupe-nis,,Bunda Guadalupe dalam Nis Kayu,"Nis lipat tiga daun dari kayu mahoni, dibubut utuh dari satu blok sehingga urat kayunya menyambung dari kubah ke alas — bukan potongan yang disatukan. Dua daun sampingnya berengsel kuningan dan menutup rapat jadi bentuk peluru; dibuka, keduanya jadi dinding pemantul cahaya buat figurnya. Di dalamnya Bunda Guadalupe dicetak 3D low poly lalu dicat tangan satu per satu: mantel biru berbintang, gaun mawar, sinar keemasan di belakangnya, dan malaikat di kakinya. Bidang-bidang datar low poly-nya sengaja dibiarkan terbaca — cara baru menggambar ikon yang umurnya sudah lima abad. Cukup kecil untuk meja samping tempat tidur, cukup tertutup untuk dibawa pindah kos.",in stock,new,1650000.00 IDR,https://peziarah.com/produk/guadalupe-nis/,https://peziarah.com/assets/meta/guadalupe-nis.jpg,"https://peziarah.com/assets/meta/guadalupe-nis-tutup.jpg,https://peziarah.com/assets/meta/guadalupe-nis-kosong.jpg",Peziarah,Altar Rumah,
kaos-peziarah-1,kaos-peziarah,Kaos Katun “Peziarah” — S,Kaos Katun “Peziarah” — Merch dari Peziarah.,in stock,new,299000.00 IDR,https://peziarah.com/produk/kaos-peziarah/,https://peziarah.com/assets/meta/kaos-peziarah-detail.jpg,"https://peziarah.com/assets/meta/kaos-peziarah.jpg,https://peziarah.com/assets/meta/kaos-peziarah-2.jpg",Peziarah,Merch,S
kaos-peziarah-2,kaos-peziarah,Kaos Katun “Peziarah” — M,Kaos Katun “Peziarah” — Merch dari Peziarah.,in stock,new,299000.00 IDR,https://peziarah.com/produk/kaos-peziarah/?opt=1,https://peziarah.com/assets/meta/kaos-peziarah-detail.jpg,"https://peziarah.com/assets/meta/kaos-peziarah.jpg,https://peziarah.com/assets/meta/kaos-peziarah-2.jpg",Peziarah,Merch,M
kaos-peziarah-3,kaos-peziarah,Kaos Katun “Peziarah” — L,Kaos Katun “Peziarah” — Merch dari Peziarah.,in stock,new,299000.00 IDR,https://peziarah.com/produk/kaos-peziarah/?opt=2,https://peziarah.com/assets/meta/kaos-peziarah-detail.jpg,"https://peziarah.com/assets/meta/kaos-peziarah.jpg,https://peziarah.com/assets/meta/kaos-peziarah-2.jpg",Peziarah,Merch,L
kaos-peziarah-4,kaos-peziarah,Kaos Katun “Peziarah” — XL,Kaos Katun “Peziarah” — Merch dari Peziarah.,in stock,new,299000.00 IDR,https://peziarah.com/produk/kaos-peziarah/?opt=3,https://peziarah.com/assets/meta/kaos-peziarah-detail.jpg,"https://peziarah.com/assets/meta/kaos-peziarah.jpg,https://peziarah.com/assets/meta/kaos-peziarah-2.jpg",Peziarah,Merch,XL
kaos-peziarah-5,kaos-peziarah,Kaos Katun “Peziarah” — XXL,Kaos Katun “Peziarah” — Merch dari Peziarah.,in stock,new,324000.00 IDR,https://peziarah.com/produk/kaos-peziarah/?opt=4,https://peziarah.com/assets/meta/kaos-peziarah-detail.jpg,"https://peziarah.com/assets/meta/kaos-peziarah.jpg,https://peziarah.com/assets/meta/kaos-peziarah-2.jpg",Peziarah,Merch,XXL
bomber-bordir-angkatan-1,bomber-bordir-angkatan,Jaket Bomber Bordir Custom — S,"Jaket angkatan yang tidak terlihat seperti jaket angkatan. Satin poliester hijau tua berlapis, ritsleting menyilang, rib knit di kerah dan pergelangan. Semua tulisan dibordir timbul satu warna — nama sekolah, angkatan, moto di lengan — jadi kelihatan hanya kalau cahaya jatuh miring; tidak berteriak, tapi yang tahu langsung tahu. Patch lambang dibordir terpisah lalu dijahit di dada. Contoh di foto: Van Lith angkatan 32, “berlari tanpa batas”. Minimum 12 pcs per pesanan, produksi 10–14 hari kerja.",in stock,new,675000.00 IDR,https://peziarah.com/produk/bomber-bordir-angkatan/,https://peziarah.com/assets/meta/bomber-vanlith-detail.jpg,"https://peziarah.com/assets/meta/bomber-vanlith.jpg,https://peziarah.com/assets/meta/bomber-vanlith-sleeve.jpg",Peziarah,Merch,S
bomber-bordir-angkatan-2,bomber-bordir-angkatan,Jaket Bomber Bordir Custom — M,"Jaket angkatan yang tidak terlihat seperti jaket angkatan. Satin poliester hijau tua berlapis, ritsleting menyilang, rib knit di kerah dan pergelangan. Semua tulisan dibordir timbul satu warna — nama sekolah, angkatan, moto di lengan — jadi kelihatan hanya kalau cahaya jatuh miring; tidak berteriak, tapi yang tahu langsung tahu. Patch lambang dibordir terpisah lalu dijahit di dada. Contoh di foto: Van Lith angkatan 32, “berlari tanpa batas”. Minimum 12 pcs per pesanan, produksi 10–14 hari kerja.",in stock,new,675000.00 IDR,https://peziarah.com/produk/bomber-bordir-angkatan/?opt=1,https://peziarah.com/assets/meta/bomber-vanlith-detail.jpg,"https://peziarah.com/assets/meta/bomber-vanlith.jpg,https://peziarah.com/assets/meta/bomber-vanlith-sleeve.jpg",Peziarah,Merch,M
bomber-bordir-angkatan-3,bomber-bordir-angkatan,Jaket Bomber Bordir Custom — L,"Jaket angkatan yang tidak terlihat seperti jaket angkatan. Satin poliester hijau tua berlapis, ritsleting menyilang, rib knit di kerah dan pergelangan. Semua tulisan dibordir timbul satu warna — nama sekolah, angkatan, moto di lengan — jadi kelihatan hanya kalau cahaya jatuh miring; tidak berteriak, tapi yang tahu langsung tahu. Patch lambang dibordir terpisah lalu dijahit di dada. Contoh di foto: Van Lith angkatan 32, “berlari tanpa batas”. Minimum 12 pcs per pesanan, produksi 10–14 hari kerja.",in stock,new,675000.00 IDR,https://peziarah.com/produk/bomber-bordir-angkatan/?opt=2,https://peziarah.com/assets/meta/bomber-vanlith-detail.jpg,"https://peziarah.com/assets/meta/bomber-vanlith.jpg,https://peziarah.com/assets/meta/bomber-vanlith-sleeve.jpg",Peziarah,Merch,L
bomber-bordir-angkatan-4,bomber-bordir-angkatan,Jaket Bomber Bordir Custom — XL,"Jaket angkatan yang tidak terlihat seperti jaket angkatan. Satin poliester hijau tua berlapis, ritsleting menyilang, rib knit di kerah dan pergelangan. Semua tulisan dibordir timbul satu warna — nama sekolah, angkatan, moto di lengan — jadi kelihatan hanya kalau cahaya jatuh miring; tidak berteriak, tapi yang tahu langsung tahu. Patch lambang dibordir terpisah lalu dijahit di dada. Contoh di foto: Van Lith angkatan 32, “berlari tanpa batas”. Minimum 12 pcs per pesanan, produksi 10–14 hari kerja.",in stock,new,675000.00 IDR,https://peziarah.com/produk/bomber-bordir-angkatan/?opt=3,https://peziarah.com/assets/meta/bomber-vanlith-detail.jpg,"https://peziarah.com/assets/meta/bomber-vanlith.jpg,https://peziarah.com/assets/meta/bomber-vanlith-sleeve.jpg",Peziarah,Merch,XL
bomber-bordir-angkatan-5,bomber-bordir-angkatan,Jaket Bomber Bordir Custom — XXL,"Jaket angkatan yang tidak terlihat seperti jaket angkatan. Satin poliester hijau tua berlapis, ritsleting menyilang, rib knit di kerah dan pergelangan. Semua tulisan dibordir timbul satu warna — nama sekolah, angkatan, moto di lengan — jadi kelihatan hanya kalau cahaya jatuh miring; tidak berteriak, tapi yang tahu langsung tahu. Patch lambang dibordir terpisah lalu dijahit di dada. Contoh di foto: Van Lith angkatan 32, “berlari tanpa batas”. Minimum 12 pcs per pesanan, produksi 10–14 hari kerja.",in stock,new,715000.00 IDR,https://peziarah.com/produk/bomber-bordir-angkatan/?opt=4,https://peziarah.com/assets/meta/bomber-vanlith-detail.jpg,"https://peziarah.com/assets/meta/bomber-vanlith.jpg,https://peziarah.com/assets/meta/bomber-vanlith-sleeve.jpg",Peziarah,Merch,XXL
bomber-bordir-angkatan-6,bomber-bordir-angkatan,Jaket Bomber Bordir Custom — XXXL,"Jaket angkatan yang tidak terlihat seperti jaket angkatan. Satin poliester hijau tua berlapis, ritsleting menyilang, rib knit di kerah dan pergelangan. Semua tulisan dibordir timbul satu warna — nama sekolah, angkatan, moto di lengan — jadi kelihatan hanya kalau cahaya jatuh miring; tidak berteriak, tapi yang tahu langsung tahu. Patch lambang dibordir terpisah lalu dijahit di dada. Contoh di foto: Van Lith angkatan 32, “berlari tanpa batas”. Minimum 12 pcs per pesanan, produksi 10–14 hari kerja.",in stock,new,745000.00 IDR,https://peziarah.com/produk/bomber-bordir-angkatan/?opt=5,https://peziarah.com/assets/meta/bomber-vanlith-detail.jpg,"https://peziarah.com/assets/meta/bomber-vanlith.jpg,https://peziarah.com/assets/meta/bomber-vanlith-sleeve.jpg",Peziarah,Merch,XXXL
tote-peziarah,,Tote Kanvas “Peziarah”,Tote Kanvas “Peziarah” — Merch dari Peziarah.,in stock,new,189000.00 IDR,https://peziarah.com/produk/tote-peziarah/,https://peziarah.com/assets/meta/tote-peziarah-2.jpg,"https://peziarah.com/assets/meta/tote-peziarah.jpg,https://peziarah.com/assets/meta/tote-peziarah-detail.jpg,https://peziarah.com/assets/meta/tote-inside-1.jpg,https://peziarah.com/assets/meta/tote-inside-2.jpg",Peziarah,Merch,40 × 35 × 15 cm
tote-sendangsono,,Tote Kanvas Ziarah — Sendangsono,"Gua Sendangsono digambar dari sisi yang biasanya luput: bukan wajah Bunda, tapi rimbun bugenvil yang menutup batu andesitnya dan barisan lilin yang tidak pernah benar-benar mati. Ilustrasi tinta dan cat air, dicetak di kanvas greige 577gsm — mata air pertama Katolik Jawa, dibawa pulang sebagai tas yang dipakai tiap hari.",in stock,new,219000.00 IDR,https://peziarah.com/produk/tote-sendangsono/,https://peziarah.com/assets/meta/tote-sendangsono.jpg,"https://peziarah.com/assets/meta/tote-sendangsono-wall.jpg,https://peziarah.com/assets/meta/tote-inside-1.jpg,https://peziarah.com/assets/meta/tote-inside-2.jpg",Peziarah,Merch,40 × 35 × 15 cm
tote-ganjuran,,Tote Kanvas Ziarah — Ganjuran,"Candi Hati Kudus Ganjuran dalam sapuan tinta dan wash abu: batur candi Hindu-Jawa yang menaungi Kristus, tangga kembar yang harus dinaiki tanpa alas kaki. Dicetak di kanvas greige 577gsm, satu-satunya warna di tas ini adalah bayangan cat airnya.",in stock,new,219000.00 IDR,https://peziarah.com/produk/tote-ganjuran/,https://peziarah.com/assets/meta/tote-ganjuran.jpg,"https://peziarah.com/assets/meta/tote-ganjuran-wall.jpg,https://peziarah.com/assets/meta/tote-inside-1.jpg,https://peziarah.com/assets/meta/tote-inside-2.jpg",Peziarah,Merch,40 × 35 × 15 cm
tote-puhsarang,,Tote Kanvas Ziarah — Gereja Puhsarang,"Puhsarang dari sisi barat: kubah batu kali tanpa semen, atap sirap merah bata yang melengkung seperti perahu, dan menara Maria di sebelahnya. Satu-satunya aksen warna di kanvas ini adalah terakota atapnya — sisanya tinta hitam di kanvas greige 577gsm.",in stock,new,219000.00 IDR,https://peziarah.com/produk/tote-puhsarang/,https://peziarah.com/assets/meta/tote-puhsarang.jpg,"https://peziarah.com/assets/meta/tote-puhsarang-wall.jpg,https://peziarah.com/assets/meta/tote-inside-1.jpg,https://peziarah.com/assets/meta/tote-inside-2.jpg",Peziarah,Merch,40 × 35 × 15 cm
tote-kerep,,Tote Kanvas Ziarah — Gua Maria Kerep,"Gua Kerep Ambarawa digambar dari seberang: tebing batu, Bunda dalam mantel biru — satu-satunya warna dingin di seluruh seri ini — dan menara gereja tua di belakang pohon randu. Kanvas greige 577gsm, cetak Direct to Film.",in stock,new,219000.00 IDR,https://peziarah.com/produk/tote-kerep/,https://peziarah.com/assets/meta/tote-kerep.jpg,"https://peziarah.com/assets/meta/tote-kerep-wall.jpg,https://peziarah.com/assets/meta/tote-inside-1.jpg,https://peziarah.com/assets/meta/tote-inside-2.jpg",Peziarah,Merch,40 × 35 × 15 cm
tote-sawer-rahmat,,Tote Kanvas Ziarah — Gua Maria Sawer Rahmat,"Sawer Rahmat Cisantana dari depan: anggrek dan sulur menggantung menutupi mulut gua, Bunda Fatima bermahkota di tengah, semuanya terbayang lagi di air. Ilustrasi tinta dengan wash abu tua, dicetak di kanvas greige 577gsm.",in stock,new,219000.00 IDR,https://peziarah.com/produk/tote-sawer-rahmat/,https://peziarah.com/assets/meta/tote-sawer-rahmat.jpg,"https://peziarah.com/assets/meta/tote-sawer-rahmat-wall.jpg,https://peziarah.com/assets/meta/tote-inside-1.jpg,https://peziarah.com/assets/meta/tote-inside-2.jpg",Peziarah,Merch,40 × 35 × 15 cm
bucket-peziarah-1,bucket-peziarah,Topi Bucket “Peziarah” — S/M,Topi Bucket “Peziarah” — Merch dari Peziarah.,in stock,new,249000.00 IDR,https://peziarah.com/produk/bucket-peziarah/,https://peziarah.com/assets/meta/bucket-peziarah.jpg,https://peziarah.com/assets/meta/bucket-peziarah-full.jpg,Peziarah,Merch,S/M
bucket-peziarah-2,bucket-peziarah,Topi Bucket “Peziarah” — L/XL,Topi Bucket “Peziarah” — Merch dari Peziarah.,in stock,new,249000.00 IDR,https://peziarah.com/produk/bucket-peziarah/?opt=1,https://peziarah.com/assets/meta/bucket-peziarah.jpg,https://peziarah.com/assets/meta/bucket-peziarah-full.jpg,Peziarah,Merch,L/XL
patch-mc-peziarah-1,patch-mc-peziarah,Patch Bordir “Peziarah Motorcycle Club” — Pocket — 9×12 cm,"Back patch bordir di atas denim hitam: PEZIARAH melengkung dalam benang merah bata, mesin tua digambar sekali jalan dengan benang putih. Tepinya sengaja dibiarkan mentah — dijahit sendiri ke rompi atau flanel, makin lusuh makin benar. West Java, jalan pulang lewat gunung.",in stock,new,165000.00 IDR,https://peziarah.com/produk/patch-mc-peziarah/,https://peziarah.com/assets/meta/patch-mc.jpg,https://peziarah.com/assets/meta/patch-mc-worn.jpg,Peziarah,Merch,Pocket — 9×12 cm
patch-mc-peziarah-2,patch-mc-peziarah,Patch Bordir “Peziarah Motorcycle Club” — Back patch — 21×28 cm,"Back patch bordir di atas denim hitam: PEZIARAH melengkung dalam benang merah bata, mesin tua digambar sekali jalan dengan benang putih. Tepinya sengaja dibiarkan mentah — dijahit sendiri ke rompi atau flanel, makin lusuh makin benar. West Java, jalan pulang lewat gunung.",in stock,new,310000.00 IDR,https://peziarah.com/produk/patch-mc-peziarah/?opt=1,https://peziarah.com/assets/meta/patch-mc.jpg,https://peziarah.com/assets/meta/patch-mc-worn.jpg,Peziarah,Merch,Back patch — 21×28 cm
lilin-vespers-1,lilin-vespers,Lilin Aroma “Vespers” — 220 g — 220 g — ±45 jam,"Profil aroma senja, dirancang untuk renungan di jam malam: Rose of Sharon di depan, Fig Leaf yang hijau dan getir di tengah, Vanilla Bean hangat di dasarnya. Lilin kedelai murni dengan sumbu katun, dituang tangan di gelas bening yang bisa dipakai ulang setelah habis.",in stock,new,285000.00 IDR,https://peziarah.com/produk/lilin-vespers/,https://peziarah.com/assets/meta/lilin-vespers.jpg,,Peziarah,Lilin Aroma,220 g — ±45 jam
lilin-vespers-2,lilin-vespers,Lilin Aroma “Vespers” — 220 g — 380 g — ±80 jam,"Profil aroma senja, dirancang untuk renungan di jam malam: Rose of Sharon di depan, Fig Leaf yang hijau dan getir di tengah, Vanilla Bean hangat di dasarnya. Lilin kedelai murni dengan sumbu katun, dituang tangan di gelas bening yang bisa dipakai ulang setelah habis.",in stock,new,445000.00 IDR,https://peziarah.com/produk/lilin-vespers/?opt=1,https://peziarah.com/assets/meta/lilin-vespers.jpg,,Peziarah,Lilin Aroma,380 g — ±80 jam
dopp-kit-kulit,,Dopp Kit Kulit — Travel Kit,"Kulit sapi nabati tebal yang dijahit tangan, dibiarkan tanpa lapisan sintetis supaya warnanya menua sendiri — makin sering dibawa, makin gelap dan makin kamu. Ritsleting kuningan antik, ikat tangan di sisi, dan dasar rata supaya bisa berdiri sendiri di wastafel penginapan. Cukup untuk perlengkapan mandi tiga hari perjalanan.",in stock,new,785000.00 IDR,https://peziarah.com/produk/dopp-kit-kulit/,https://peziarah.com/assets/meta/dopp-kit-kulit.jpg,,Peziarah,Carry Goods,
dry-bag-20l-1,dry-bag-20l,Dry Bag 20L “Peziarah” — 20 L,"Untuk ziarah yang hujannya tidak bisa dinegosiasi. Tarpaulin TPU dengan jahitan dilas frekuensi tinggi, tutup gulung tiga lipatan, dan kantong depan berritsleting kedap — isi tetap kering saat kamu basah kuyup. Tali bahu bisa dilepas, jadi bisa digendong atau ditenteng di bak pikap.",in stock,new,549000.00 IDR,https://peziarah.com/produk/dry-bag-20l/,https://peziarah.com/assets/meta/dry-bag-20l.jpg,,Peziarah,Carry Goods,20 L
dry-bag-20l-2,dry-bag-20l,Dry Bag 20L “Peziarah” — 30 L,"Untuk ziarah yang hujannya tidak bisa dinegosiasi. Tarpaulin TPU dengan jahitan dilas frekuensi tinggi, tutup gulung tiga lipatan, dan kantong depan berritsleting kedap — isi tetap kering saat kamu basah kuyup. Tali bahu bisa dilepas, jadi bisa digendong atau ditenteng di bak pikap.",in stock,new,669000.00 IDR,https://peziarah.com/produk/dry-bag-20l/?opt=1,https://peziarah.com/assets/meta/dry-bag-20l.jpg,,Peziarah,Carry Goods,30 L
bandana-trisquera,,Bandana Trisquera,"Trisquera — simpul tiga sudut yang tidak punya awal dan tidak punya akhir: Bapa, Putra, Roh Kudus dalam satu garis yang sama. Motifnya kami tarik ulang dari simpul Insular abad ke-8, dicetak putih gading di atas katun hitam. Dipakai di leher, di kepala, atau diikat di tali dry bag saat hujan turun.",in stock,new,159000.00 IDR,https://peziarah.com/produk/bandana-trisquera/,https://peziarah.com/assets/meta/bandana-trisquera.jpg,,Peziarah,Merch,
buku-confessions,,The Confessions — St. Agustinus (Ignatius Critical Edition),"Pengakuan-pengakuan Agustinus dalam terjemahan Maria Boulding, O.S.B. — versi yang paling banyak dipakai karena bahasanya doa, bukan risalah. Edisi kritis Ignatius: teks penuh, catatan kaki, dan esai dari beberapa pembaca yang tidak selalu sepakat. Buku untuk dibaca pelan, sedikit tiap malam.",in stock,new,425000.00 IDR,https://peziarah.com/produk/buku-confessions/,https://peziarah.com/assets/meta/buku-confessions.jpg,,Peziarah,Buku,
jurnal-koptik,,Jurnal Jahit Koptik — Kertas Tangan,"Dijahit satu per satu dengan jahitan Koptik: punggungnya terbuka, benangnya kelihatan, dan halamannya bisa dibuka rata sampai 180° — enak untuk menulis sampai ke lipatan. Kertas katun buatan tangan bertepi sobek alami, sampul kain bata dengan mawar rosette dicetak timbul. Halaman terakhir sudah ada doanya; sisanya kamu yang isi.",in stock,new,465000.00 IDR,https://peziarah.com/produk/jurnal-koptik/,https://peziarah.com/assets/meta/jurnal-koptik.jpg,https://peziarah.com/assets/meta/jurnal-koptik-spread.jpg,Peziarah,Buku,
buku-allegoria,,Allegoria — M. Dion Wicaksono,"Buku yang akhirnya selesai. Kata-kata pertamanya ditulis tahun 1998, sementara titik terakhir diketik di 2026. Autofiksi kehidupan si penulis. Ditaruh di sini sebagai sebuah manifestasi.",in stock,new,315000.00 IDR,https://peziarah.com/produk/buku-allegoria/,https://peziarah.com/assets/meta/buku-allegoria.jpg,,Peziarah,Buku,
tas-romo,,Tas Romo — Dopp Kit Kulit Pull-up,"Dinamai dari tas kecil yang selalu dibawa romo saat turne ke stasi: isinya sederhana, tapi selalu siap. Kulit pull-up berminyak yang warnanya berubah ketika ditekuk dan ditarik — goresan kecil cukup digosok jari, lalu menyatu lagi. Ritsleting utama kuningan membuka lebar sampai dasar, kantong ritsleting vertikal di depan untuk barang yang perlu cepat diraih, kantong dalam untuk yang kecil-kecil, dan ikat tangan di sisi. Cukup untuk perlengkapan mandi seminggu, atau rosario, buku doa, dan obat harian.",preorder,new,785000.00 IDR,https://peziarah.com/produk/tas-romo/,https://peziarah.com/assets/meta/tas-romo.jpg,"https://peziarah.com/assets/meta/tas-romo-dalam.jpg,https://peziarah.com/assets/meta/tas-romo-guadalupe.jpg",Peziarah,Carry Goods,
guadalupe-3d-1,guadalupe-3d,Bunda Guadalupe — Patung Cetak 3D — Kecil 11 cm — Putih,"Bunda Guadalupe seperti di tilma Juan Diego — tangan terkatup, sinar mengelilingi tubuh, bulan sabit dan malaikat kecil di kakinya — kami tarik ulang dalam bidang-bidang bersudut tegas, lalu dicetak 3D lapis demi lapis. Berdiri di atas tatakan bundar yang sekaligus jadi tempat rosario: setelah selesai berdoa, rosarionya diletakkan di kaki Bunda, tidak tercecer di laci. Ringan, tidak pecah kalau tersenggol, pas untuk altar kamar kos atau meja kerja.",preorder,new,65000.00 IDR,https://peziarah.com/produk/guadalupe-3d/,https://peziarah.com/assets/meta/guadalupe-3d.jpg,"https://peziarah.com/assets/meta/guadalupe-3d-ukuran.jpg,https://peziarah.com/assets/meta/guadalupe-3d-krem.jpg,https://peziarah.com/assets/meta/guadalupe-3d-ungu.jpg,https://peziarah.com/assets/meta/tas-romo-guadalupe.jpg",Peziarah,Altar Rumah,Kecil 11 cm — Putih
guadalupe-3d-2,guadalupe-3d,Bunda Guadalupe — Patung Cetak 3D — Kecil 11 cm — Krem,"Bunda Guadalupe seperti di tilma Juan Diego — tangan terkatup, sinar mengelilingi tubuh, bulan sabit dan malaikat kecil di kakinya — kami tarik ulang dalam bidang-bidang bersudut tegas, lalu dicetak 3D lapis demi lapis. Berdiri di atas tatakan bundar yang sekaligus jadi tempat rosario: setelah selesai berdoa, rosarionya diletakkan di kaki Bunda, tidak tercecer di laci. Ringan, tidak pecah kalau tersenggol, pas untuk altar kamar kos atau meja kerja.",preorder,new,65000.00 IDR,https://peziarah.com/produk/guadalupe-3d/?opt=1,https://peziarah.com/assets/meta/guadalupe-3d.jpg,"https://peziarah.com/assets/meta/guadalupe-3d-ukuran.jpg,https://peziarah.com/assets/meta/guadalupe-3d-krem.jpg,https://peziarah.com/assets/meta/guadalupe-3d-ungu.jpg,https://peziarah.com/assets/meta/tas-romo-guadalupe.jpg",Peziarah,Altar Rumah,Kecil 11 cm — Krem
guadalupe-3d-3,guadalupe-3d,Bunda Guadalupe — Patung Cetak 3D — Besar 14 cm — Putih,"Bunda Guadalupe seperti di tilma Juan Diego — tangan terkatup, sinar mengelilingi tubuh, bulan sabit dan malaikat kecil di kakinya — kami tarik ulang dalam bidang-bidang bersudut tegas, lalu dicetak 3D lapis demi lapis. Berdiri di atas tatakan bundar yang sekaligus jadi tempat rosario: setelah selesai berdoa, rosarionya diletakkan di kaki Bunda, tidak tercecer di laci. Ringan, tidak pecah kalau tersenggol, pas untuk altar kamar kos atau meja kerja.",preorder,new,125000.00 IDR,https://peziarah.com/produk/guadalupe-3d/?opt=2,https://peziarah.com/assets/meta/guadalupe-3d.jpg,"https://peziarah.com/assets/meta/guadalupe-3d-ukuran.jpg,https://peziarah.com/assets/meta/guadalupe-3d-krem.jpg,https://peziarah.com/assets/meta/guadalupe-3d-ungu.jpg,https://peziarah.com/assets/meta/tas-romo-guadalupe.jpg",Peziarah,Altar Rumah,Besar 14 cm — Putih
guadalupe-3d-4,guadalupe-3d,Bunda Guadalupe — Patung Cetak 3D — Besar 14 cm — Krem,"Bunda Guadalupe seperti di tilma Juan Diego — tangan terkatup, sinar mengelilingi tubuh, bulan sabit dan malaikat kecil di kakinya — kami tarik ulang dalam bidang-bidang bersudut tegas, lalu dicetak 3D lapis demi lapis. Berdiri di atas tatakan bundar yang sekaligus jadi tempat rosario: setelah selesai berdoa, rosarionya diletakkan di kaki Bunda, tidak tercecer di laci. Ringan, tidak pecah kalau tersenggol, pas untuk altar kamar kos atau meja kerja.",preorder,new,125000.00 IDR,https://peziarah.com/produk/guadalupe-3d/?opt=3,https://peziarah.com/assets/meta/guadalupe-3d.jpg,"https://peziarah.com/assets/meta/guadalupe-3d-ukuran.jpg,https://peziarah.com/assets/meta/guadalupe-3d-krem.jpg,https://peziarah.com/assets/meta/guadalupe-3d-ungu.jpg,https://peziarah.com/assets/meta/tas-romo-guadalupe.jpg",Peziarah,Altar Rumah,Besar 14 cm — Krem
